{
  "model_version": "trustnet-url-intel-v2",
  "model_profile": "free-tier-lightweight-hybrid",
  "selected_model": "extra_trees",
  "trained_at": "2026-05-24T14:13:47Z",
  "training_samples": 182,
  "feature_count": 47,
  "data_source": "built-in deterministic URL seed corpus",
  "selection_score": 0.9736,
  "thresholds": {
    "safe_max": 39.9,
    "danger_min": 70.0
  },
  "selected_metrics": {
    "accuracy": 0.9783,
    "precision": 1.0,
    "recall": 0.9615,
    "f1": 0.9804,
    "roc_auc": 0.9933,
    "confusion_matrix": [
      [
        20,
        0
      ],
      [
        1,
        25
      ]
    ],
    "classification_report": {
      "legitimate": {
        "precision": 0.9523809523809523,
        "recall": 1.0,
        "f1-score": 0.975609756097561,
        "support": 20.0
      },
      "phishing": {
        "precision": 1.0,
        "recall": 0.9615384615384616,
        "f1-score": 0.9803921568627451,
        "support": 26.0
      },
      "accuracy": 0.9782608695652174,
      "macro avg": {
        "precision": 0.9761904761904762,
        "recall": 0.9807692307692308,
        "f1-score": 0.9780009564801531,
        "support": 46.0
      },
      "weighted avg": {
        "precision": 0.979296066252588,
        "recall": 0.9782608695652174,
        "f1-score": 0.9783128521822302,
        "support": 46.0
      }
    }
  },
  "candidate_metrics": {
    "extra_trees": {
      "accuracy": 0.9783,
      "precision": 1.0,
      "recall": 0.9615,
      "f1": 0.9804,
      "roc_auc": 0.9933,
      "confusion_matrix": [
        [
          20,
          0
        ],
        [
          1,
          25
        ]
      ],
      "classification_report": {
        "legitimate": {
          "precision": 0.9523809523809523,
          "recall": 1.0,
          "f1-score": 0.975609756097561,
          "support": 20.0
        },
        "phishing": {
          "precision": 1.0,
          "recall": 0.9615384615384616,
          "f1-score": 0.9803921568627451,
          "support": 26.0
        },
        "accuracy": 0.9782608695652174,
        "macro avg": {
          "precision": 0.9761904761904762,
          "recall": 0.9807692307692308,
          "f1-score": 0.9780009564801531,
          "support": 46.0
        },
        "weighted avg": {
          "precision": 0.979296066252588,
          "recall": 0.9782608695652174,
          "f1-score": 0.9783128521822302,
          "support": 46.0
        }
      }
    },
    "random_forest": {
      "accuracy": 0.8696,
      "precision": 1.0,
      "recall": 0.7692,
      "f1": 0.8696,
      "roc_auc": 0.9942,
      "confusion_matrix": [
        [
          20,
          0
        ],
        [
          6,
          20
        ]
      ],
      "classification_report": {
        "legitimate": {
          "precision": 0.7692307692307693,
          "recall": 1.0,
          "f1-score": 0.8695652173913043,
          "support": 20.0
        },
        "phishing": {
          "precision": 1.0,
          "recall": 0.7692307692307693,
          "f1-score": 0.8695652173913043,
          "support": 26.0
        },
        "accuracy": 0.8695652173913043,
        "macro avg": {
          "precision": 0.8846153846153846,
          "recall": 0.8846153846153846,
          "f1-score": 0.8695652173913043,
          "support": 46.0
        },
        "weighted avg": {
          "precision": 0.899665551839465,
          "recall": 0.8695652173913043,
          "f1-score": 0.8695652173913043,
          "support": 46.0
        }
      }
    },
    "hist_gradient_boosting": {
      "accuracy": 0.9348,
      "precision": 1.0,
      "recall": 0.8846,
      "f1": 0.9388,
      "roc_auc": 0.9962,
      "confusion_matrix": [
        [
          20,
          0
        ],
        [
          3,
          23
        ]
      ],
      "classification_report": {
        "legitimate": {
          "precision": 0.8695652173913043,
          "recall": 1.0,
          "f1-score": 0.9302325581395349,
          "support": 20.0
        },
        "phishing": {
          "precision": 1.0,
          "recall": 0.8846153846153846,
          "f1-score": 0.9387755102040817,
          "support": 26.0
        },
        "accuracy": 0.9347826086956522,
        "macro avg": {
          "precision": 0.9347826086956521,
          "recall": 0.9423076923076923,
          "f1-score": 0.9345040341718083,
          "support": 46.0
        },
        "weighted avg": {
          "precision": 0.943289224952741,
          "recall": 0.9347826086956522,
          "f1-score": 0.935061183219496,
          "support": 46.0
        }
      }
    }
  },
  "top_features": [
    {
      "feature": "has_prefix_suffix",
      "importance": 0.15845
    },
    {
      "feature": "suspicious_tld",
      "importance": 0.15538
    },
    {
      "feature": "brand_in_host",
      "importance": 0.11637
    },
    {
      "feature": "long_hostname",
      "importance": 0.07281
    },
    {
      "feature": "keyword_count",
      "importance": 0.06709
    },
    {
      "feature": "hostname_length",
      "importance": 0.06286
    },
    {
      "feature": "num_hyphens",
      "importance": 0.04192
    },
    {
      "feature": "uses_https",
      "importance": 0.04079
    },
    {
      "feature": "credential_keyword_count",
      "importance": 0.03686
    },
    {
      "feature": "uses_http",
      "importance": 0.03631
    },
    {
      "feature": "num_query_params",
      "importance": 0.03243
    },
    {
      "feature": "hostname_entropy",
      "importance": 0.02023
    },
    {
      "feature": "url_length",
      "importance": 0.01942
    },
    {
      "feature": "subdomain_depth",
      "importance": 0.01525
    },
    {
      "feature": "digit_ratio",
      "importance": 0.01302
    },
    {
      "feature": "many_hyphens",
      "importance": 0.01198
    }
  ],
  "notes": [
    "Inference is lightweight and AWS Free Tier friendly.",
    "The built-in corpus is for deterministic portfolio demos; pass --dataset-csv for a larger real labeled URL feed.",
    "The API combines model probability with explainable URL risk signals."
  ]
}